title,unitType,size, Chaoxiang,floor,nianfen,Community,address,unitPrice,price,detail_url
挥泪急售！朗悦玺园89平三室两厅 赠送一间房 好采光,3室2厅1卫,89㎡,南北,低层(共34层),2019年建造,朗悦公园道1号玺园,高新区-科学大道-枫杨街,138万,15506元/㎡,https://zhengzhou.anjuke.com/prop/view/S3064919786513414?auction=221&hpType=27&entry=102&position=0&kwtype=filter&now_time=1686749125&spread=filtersearch_c&epauction=&stats_key=9d937ae0-de1f-499f-86bb-fd3c650895f3_0&from=from_esf_List_screen&index=0
金水北次新小区。出门就是地铁口，经典小三房，人车分流小区急售,3室2厅1卫,86.85㎡,南,高层(共33层),2021年建造,美景美境(一期),金水-国基路-国基路,158万,18193元/㎡,https://zhengzhou.anjuke.com/prop/view/S2943549971194881?auction=221&hpType=27&entry=102&position=1&kwtype=filter&now_time=1686749125&spread=filtersearch_c&epauction=&stats_key=9d937ae0-de1f-499f-86bb-fd3c650895f3_1&from=from_esf_List_screen&index=1
风和日丽电梯房标准三房，看房有钥匙，育才 郑州一中分校！,3室1厅1卫,89.81㎡,南,高层(共34层),2014年建造,风和日丽家园,中原-五龙口-煤仓北路16号,106万,11803元/㎡,https://zhengzhou.anjuke.com/prop/view/S3056603765269518?auction=221&hpType=27&entry=102&position=2&kwtype=filter&now_time=1686749125&spread=filtersearch_c&epauction=&stats_key=9d937ae0-de1f-499f-86bb-fd3c650895f3_2&from=from_esf_List_screen&index=2
南北通透 双卫生间 大户型 刚需直选 美盛·教育港湾 考虑可私聊,2室2厅1卫,75㎡,东,NAN,NAN,美盛·教育港湾,金水-绿荫广场-北三环与普庆路交汇处西北角,139万,18534元/㎡,https://zhengzhou.anjuke.com/prop/view/S3042170019388424?auction=221&hpType=27&entry=102&position=3&kwtype=filter&now_time=1686749125&spread=filtersearch_c&epauction=&stats_key=9d937ae0-de1f-499f-86bb-fd3c650895f3_3&from=from_esf_List_screen&index=3
人车分流次新社区，拎包入住，性价比高，交通方便,3室2厅1卫,87.8㎡,东南,高层(共34层),2017年建造,保利永威西溪花园,高新区-科学大道-白杨路12号,107万,12187元/㎡,https://zhengzhou.anjuke.com/prop/view/S3035460345588739?auction=221&hpType=27&entry=102&position=4&kwtype=filter&now_time=1686749125&spread=filtersearch_c&epauction=&stats_key=9d937ae0-de1f-499f-86bb-fd3c650895f3_4&from=from_esf_List_screen&index=4
双地铁 财信 通透三房 诚心急售 低于市场价28万 随时看房,3室2厅1卫,90㎡,南北,低层(共34层),2015年建造,财信圣堤亚纳,郑东新区-黄河东路-商都路21号,168万,18667元/㎡,https://zhengzhou.anjuke.com/prop/view/S3049384761057283?auction=221&hpType=27&entry=102&position=5&kwtype=filter&now_time=1686749125&spread=filtersearch_c&epauction=&stats_key=9d937ae0-de1f-499f-86bb-fd3c650895f3_5&from=from_esf_List_screen&index=5
急售好楼层 全款房 随时过户 看房有钥匙 紧邻一附小,3室2厅1卫,89㎡,南,中层(共33层),2012年建造,美景菩提,高新区-科学大道-科学大道59号,132万,14832元/㎡,https://zhengzhou.anjuke.com/prop/view/S3055039880519694?auction=221&hpType=27&entry=102&position=6&kwtype=filter&now_time=1686749125&spread=filtersearch_c&epauction=&stats_key=9d937ae0-de1f-499f-86bb-fd3c650895f3_6&from=from_esf_List_screen&index=6
厨卫全明 双卫生间 大户型 刚需直选 美盛·教育港湾 考虑可私聊,3室2厅1卫,89㎡,南,NAN,NAN,美盛·教育港湾,金水-绿荫广场-北三环与普庆路交汇处西北角,165万,18540元/㎡,https://zhengzhou.anjuke.com/prop/view/S2610760467180549?auction=221&hpType=27&entry=102&position=7&kwtype=filter&now_time=1686749125&spread=filtersearch_c&epauction=&stats_key=9d937ae0-de1f-499f-86bb-fd3c650895f3_7&from=from_esf_List_screen&index=7
业主急售 永威物业 随时看房 性价比 的一套房子,3室2厅1卫,91㎡,南北,低层(共33层),2020年建造,永威城澜溪庭,管城-管南片-宇通路,113万,12418元/㎡,https://zhengzhou.anjuke.com/prop/view/S3060617769018379?auction=221&hpType=27&entry=102&position=8&kwtype=filter&now_time=1686749125&spread=filtersearch_c&epauction=&stats_key=9d937ae0-de1f-499f-86bb-fd3c650895f3_8&from=from_esf_List_screen&index=8
美景鸿城 两梯三户 双地铁 满五年税费少 业主置换急售,3室2厅1卫,92.05㎡,东,中层(共34层),2011年建造,美景鸿城(一期鸿韵),管城-管南片-腾飞路1号,112万,12168元/㎡,https://zhengzhou.anjuke.com/prop/view/S3005555219930119?auction=221&hpType=27&entry=102&position=9&kwtype=filter&now_time=1686749125&spread=filtersearch_c&epauction=&stats_key=9d937ae0-de1f-499f-86bb-fd3c650895f3_9&from=from_esf_List_screen&index=9
电梯房 房龄新 板楼 配套齐全 正南朝向 小三居 动静分离,3室2厅1卫,89㎡,南,中层(共33层),2017年建造,恒大绿洲(四期),经开区-第八大街-经开第七大街，近经南五路,149.5万,16798元/㎡,https://zhengzhou.anjuke.com/prop/view/S3048593482718212?auction=221&hpType=27&entry=102&position=10&kwtype=filter&now_time=1686749125&spread=filtersearch_c&epauction=&stats_key=9d937ae0-de1f-499f-86bb-fd3c650895f3_10&from=from_esf_List_screen&index=10
五龙口 升龙天汇广场1号院 中间好楼层 小三房 次新小区,3室2厅1卫,88㎡,南,中层(共34层),2016年建造,升龙天汇广场1号院,中原-五龙口-桐柏北路，近五龙口路,100万,11364元/㎡,https://zhengzhou.anjuke.com/prop/view/S3013916513037323?auction=221&hpType=27&entry=102&position=11&kwtype=filter&now_time=1686749125&spread=filtersearch_c&epauction=&stats_key=9d937ae0-de1f-499f-86bb-fd3c650895f3_11&from=from_esf_List_screen&index=11
南北通透 玄关入户 小户型 低总价 泉舜上城 欢迎联系看房,2室1厅1卫,52.76㎡,南,NAN,NAN,泉舜上城(新房),金水-南阳路-黄河路与南阳路交汇处向东100米路北,82万,15543元/㎡,https://zhengzhou.anjuke.com/prop/view/S2610996194024456?auction=221&hpType=27&entry=102&position=12&kwtype=filter&now_time=1686749125&spread=filtersearch_c&epauction=&stats_key=9d937ae0-de1f-499f-86bb-fd3c650895f3_12&from=from_esf_List_screen&index=12
升龙天玺二号院 临地铁 满五 商业配套齐全 正规商品房,3室2厅1卫,90.68㎡,南北,中层(共34层),2017年建造,升龙天玺二号院,二七-万达广场-大学路,116万,12793元/㎡,https://zhengzhou.anjuke.com/prop/view/S2645090990386187?auction=221&hpType=27&entry=102&position=13&kwtype=filter&now_time=1686749125&spread=filtersearch_c&epauction=&stats_key=9d937ae0-de1f-499f-86bb-fd3c650895f3_13&from=from_esf_List_screen&index=13
金地正华漾时代 2022年新房 刚交房 有本 急售,3室2厅1卫,96.45㎡,南北,高层(共20层),2022年建造,金地正华漾时代,二七-二七周边-南四环，近嵩山南路,100万,10369元/㎡,https://zhengzhou.anjuke.com/prop/view/S3065534413021191?auction=221&hpType=27&entry=102&position=14&kwtype=filter&now_time=1686749125&spread=filtersearch_c&epauction=&stats_key=9d937ae0-de1f-499f-86bb-fd3c650895f3_14&from=from_esf_List_screen&index=14
房源采光好，南北通透，业主诚意出,3室2厅1卫,87.85㎡,南,低层(共26层),2018年建造,招商天地华府,二七-嵩山路-嵩山南路,102万,11611元/㎡,https://zhengzhou.anjuke.com/prop/view/S2615494557346825?auction=221&hpType=27&entry=102&position=15&kwtype=filter&now_time=1686749125&spread=filtersearch_c&epauction=&stats_key=9d937ae0-de1f-499f-86bb-fd3c650895f3_15&from=from_esf_List_screen&index=15
南北通透 双卫生间 大户型 刚需直选 美盛·教育港湾 来电咨询,3室2厅1卫,98㎡,南,NAN,NAN,美盛·教育港湾,金水-绿荫广场-北三环与普庆路交汇处西北角,181万,18470元/㎡,https://zhengzhou.anjuke.com/prop/view/S2611065085272071?auction=221&hpType=27&entry=102&position=16&kwtype=filter&now_time=1686749125&spread=filtersearch_c&epauction=&stats_key=9d937ae0-de1f-499f-86bb-fd3c650895f3_16&from=from_esf_List_screen&index=16
美盛教育港湾 配套齐全 近地铁 纬五路一小郑州外国语,3室2厅1卫,88.46㎡,南,高层(共34层),2022年建造,美盛教育港湾(一期),金水-丰庆路-国基路83附16号,156万,17636元/㎡,https://zhengzhou.anjuke.com/prop/view/S3048000712007687?auction=221&hpType=27&entry=102&position=17&kwtype=filter&now_time=1686749125&spread=filtersearch_c&epauction=&stats_key=9d937ae0-de1f-499f-86bb-fd3c650895f3_17&from=from_esf_List_screen&index=17
管南片 精装修 商业配套齐全 刚需小三居 近地铁 大产权,3室2厅1卫,92.05㎡,东,中层(共34层),2011年建造,美景鸿城(一期鸿韵),管城-管南片-腾飞路1号,112万,12168元/㎡,https://zhengzhou.anjuke.com/prop/view/S3015944707335168?auction=221&hpType=27&entry=102&position=18&kwtype=filter&now_time=1686749125&spread=filtersearch_c&epauction=&stats_key=9d937ae0-de1f-499f-86bb-fd3c650895f3_18&from=from_esf_List_screen&index=18
业主急售 金二环 次新小区 人车分流 环境优美,3室2厅1卫,93.08㎡,南北,低层(共32层),2019年建造,阳光城9号院,管城-安徐庄-南台路49号,126万,13537元/㎡,https://zhengzhou.anjuke.com/prop/view/S2611182666162178?auction=221&hpType=27&entry=102&position=19&kwtype=filter&now_time=1686749125&spread=filtersearch_c&epauction=&stats_key=9d937ae0-de1f-499f-86bb-fd3c650895f3_19&from=from_esf_List_screen&index=19
厨卫全明 客餐厅相连 小户型 大平层 谦祥·时光序 随时约看,3室2厅1卫,88㎡,南,NAN,NAN,谦祥·时光序,惠济-刘寨-兴隆铺路与粮仓路交叉口东南角,128万,14546元/㎡,https://zhengzhou.anjuke.com/prop/view/S2610819124599813?auction=221&hpType=27&entry=102&position=20&kwtype=filter&now_time=1686749125&spread=filtersearch_c&epauction=&stats_key=9d937ae0-de1f-499f-86bb-fd3c650895f3_20&from=from_esf_List_screen&index=20
性价比高 天地湾晴苑 小三房 近地铁 带露台,3室2厅1卫,89.43㎡,南,低层(共14层),2016年建造,天地湾晴苑,惠济-英才街-英才街4号,106万,11853元/㎡,https://zhengzhou.anjuke.com/prop/view/S2947485824738308?auction=221&hpType=27&entry=102&position=21&kwtype=filter&now_time=1686749125&spread=filtersearch_c&epauction=&stats_key=9d937ae0-de1f-499f-86bb-fd3c650895f3_21&from=from_esf_List_screen&index=21
二七区古玩城康桥金域上郡1号院2室2厅,2室2厅1卫,84㎡,南,中层(共34层),2012年建造,康桥金域上郡1号院,二七-大学路-汝河路29号,126万,15000元/㎡,https://zhengzhou.anjuke.com/prop/view/S2611133657127951?auction=221&hpType=27&entry=102&position=22&kwtype=filter&now_time=1686749125&spread=filtersearch_c&epauction=&stats_key=9d937ae0-de1f-499f-86bb-fd3c650895f3_22&from=from_esf_List_screen&index=22
诚售包增值税！中间楼层 康桥悦蓉园 89平精装三房 看房方便,3室2厅1卫,89㎡,南,中层(共26层),2019年建造,康桥悦蓉园,经开区-滨河新区-华夏大道，近经南十二路,118万,13259元/㎡,https://zhengzhou.anjuke.com/prop/view/S2912413013683205?auction=221&hpType=27&entry=102&position=23&kwtype=filter&now_time=1686749125&spread=filtersearch_c&epauction=&stats_key=9d937ae0-de1f-499f-86bb-fd3c650895f3_23&from=from_esf_List_screen&index=23
业主急售急售 邻近地铁口 采光好 价格可谈,3室2厅1卫,97㎡,南,高层(共26层),2012年建造,华林都市家园,金水-南阳路-南阳路242号,118万,12165元/㎡,https://zhengzhou.anjuke.com/prop/view/S3005739594998798?auction=221&hpType=27&entry=102&position=24&kwtype=filter&now_time=1686749125&spread=filtersearch_c&epauction=&stats_key=9d937ae0-de1f-499f-86bb-fd3c650895f3_24&from=from_esf_List_screen&index=24
南北通透 客餐厅相连 小户型 大平层 谦祥·时光序 随时约看,3室2厅1卫,88㎡,南,NAN,NAN,谦祥·时光序,惠济-刘寨-兴隆铺路与粮仓路交叉口东南角,128万,14546元/㎡,https://zhengzhou.anjuke.com/prop/view/S2610787625954313?auction=221&hpType=27&entry=102&position=25&kwtype=filter&now_time=1686749125&spread=filtersearch_c&epauction=&stats_key=9d937ae0-de1f-499f-86bb-fd3c650895f3_25&from=from_esf_List_screen&index=25
阳光馥园 中间楼层采光好 满五 板楼 南北通透,2室2厅1卫,95㎡,南北,高层(共7层),2006年建造,阳光馥园,高新区-科学大道-桂花西街3号,109万,11474元/㎡,https://zhengzhou.anjuke.com/prop/view/S2624767656747016?auction=221&hpType=27&entry=102&position=26&kwtype=filter&now_time=1686749125&spread=filtersearch_c&epauction=&stats_key=9d937ae0-de1f-499f-86bb-fd3c650895f3_26&from=from_esf_List_screen&index=26
降价急售！普罗南北通透三房 双气地暖 送家电 拎包入住,3室2厅1卫,92㎡,南,高层(共6层),2008年建造,普罗旺世佛罗伦斯(东区),金水-国基路-国基路166号,120万,13044元/㎡,https://zhengzhou.anjuke.com/prop/view/S3059753170869259?auction=221&hpType=27&entry=102&position=27&kwtype=filter&now_time=1686749125&spread=filtersearch_c&epauction=&stats_key=9d937ae0-de1f-499f-86bb-fd3c650895f3_27&from=from_esf_List_screen&index=27
建业开发 双卫三房 房源采光好，次新小区，科创小中,3室2厅2卫,99㎡,南,低层(共33层),2021年建造,建业香雅园,中原-五龙口-漳河路,140万,14142元/㎡,https://zhengzhou.anjuke.com/prop/view/S3029884867746831?auction=221&hpType=27&entry=102&position=28&kwtype=filter&now_time=1686749125&spread=filtersearch_c&epauction=&stats_key=9d937ae0-de1f-499f-86bb-fd3c650895f3_28&from=from_esf_List_screen&index=28
热门好盘 大户型 装修交付 美盛·中环壹号 装修交付 欢迎联系看房,2室2厅1卫,77㎡,北,NAN,NAN,美盛·中环壹号,金水-国基路-国基路与文化路交汇处向西100米（郑州海洋馆对面）,162万,21039元/㎡,https://zhengzhou.anjuke.com/prop/view/S2930667621030926?auction=221&hpType=27&entry=102&position=29&kwtype=filter&now_time=1686749125&spread=filtersearch_c&epauction=&stats_key=9d937ae0-de1f-499f-86bb-fd3c650895f3_29&from=from_esf_List_screen&index=29
有钥匙看房子方便，客厅朝南带阳台双气小三房美景鸿城二期,3室2厅1卫,88.41㎡,南北,高层(共33层),2013年建造,美景鸿城(二期鸿图),管城-管南片-腾飞路2号,125万,14139元/㎡,https://zhengzhou.anjuke.com/prop/view/S3059333159476229?auction=221&hpType=27&entry=102&position=30&kwtype=filter&now_time=1686749125&spread=filtersearch_c&epauction=&stats_key=9d937ae0-de1f-499f-86bb-fd3c650895f3_30&from=from_esf_List_screen&index=30
朗悦公园道1号玺园 近地铁 精装好房 中间好楼层 双卫生间,4室2厅2卫,114㎡,南北,中层(共34层),2018年建造,朗悦公园道1号玺园,高新区-科学大道-枫杨街,196万,17193元/㎡,https://zhengzhou.anjuke.com/prop/view/S2980065950755842?auction=221&hpType=27&entry=102&position=31&kwtype=filter&now_time=1686749125&spread=filtersearch_c&epauction=&stats_key=9d937ae0-de1f-499f-86bb-fd3c650895f3_31&from=from_esf_List_screen&index=31
房源采光好，南北通透，业主诚意出,3室2厅1卫,89㎡,南,高层(共34层),2018年建造,朗悦公园道1号玺园,高新区-科学大道-枫杨街,145万,16293元/㎡,https://zhengzhou.anjuke.com/prop/view/S3054128854245382?auction=221&hpType=27&entry=102&position=32&kwtype=filter&now_time=1686749125&spread=filtersearch_c&epauction=&stats_key=9d937ae0-de1f-499f-86bb-fd3c650895f3_32&from=from_esf_List_screen&index=32
荣邦城 楼层好 朝向好 楼龄新 精装好房 停车方便,3室2厅2卫,122㎡,西南,中层(共27层),2017年建造,荣邦城,高新区-科学大道-牡丹路38号,130万,10656元/㎡,https://zhengzhou.anjuke.com/prop/view/S2960093987449864?auction=221&hpType=27&entry=102&position=33&kwtype=filter&now_time=1686749125&spread=filtersearch_c&epauction=&stats_key=9d937ae0-de1f-499f-86bb-fd3c650895f3_33&from=from_esf_List_screen&index=33
厨卫全明 客餐厅相连 大户型 大平层 谦祥·时光序 随时约看,3室2厅1卫,89.27㎡,南,NAN,NAN,谦祥·时光序,惠济-刘寨-兴隆铺路与粮仓路交叉口东南角,129万,14451元/㎡,https://zhengzhou.anjuke.com/prop/view/S2610756136049670?auction=221&hpType=27&entry=102&position=34&kwtype=filter&now_time=1686749125&spread=filtersearch_c&epauction=&stats_key=9d937ae0-de1f-499f-86bb-fd3c650895f3_34&from=from_esf_List_screen&index=34
房源采光好，洋房社区 ，环境优美 随时 看房 急售,2室2厅1卫,83㎡,南,中层(共27层),2013年建造,正商新蓝钻E区,管城-航海东路-果园路35号,113万,13615元/㎡,https://zhengzhou.anjuke.com/prop/view/S2921836964981760?auction=221&hpType=27&entry=102&position=35&kwtype=filter&now_time=1686749125&spread=filtersearch_c&epauction=&stats_key=9d937ae0-de1f-499f-86bb-fd3c650895f3_35&from=from_esf_List_screen&index=35
房源采光好，南北通透，业主诚意出,3室2厅1卫,89㎡,南,高层(共34层),2021年建造,锦艺金水湾观臻苑,金水-索凌路-文化北路,130万,14607元/㎡,https://zhengzhou.anjuke.com/prop/view/S3053952282288137?auction=221&hpType=27&entry=102&position=36&kwtype=filter&now_time=1686749125&spread=filtersearch_c&epauction=&stats_key=9d937ae0-de1f-499f-86bb-fd3c650895f3_36&from=from_esf_List_screen&index=36
宏都花园 临东风渠 挨着世纪联华八号线正在修建,3室2厅1卫,124㎡,南北,低层(共7层),2000年建造,宏都花园(金水),金水-经三路-经三路北79号,125万,10081元/㎡,https://zhengzhou.anjuke.com/prop/view/S3049299420767233?auction=221&hpType=27&entry=102&position=37&kwtype=filter&now_time=1686749125&spread=filtersearch_c&epauction=&stats_key=9d937ae0-de1f-499f-86bb-fd3c650895f3_37&from=from_esf_List_screen&index=37
南北通透 动静分离 大户型 装修交付 佳田未来新城 无中介费随时看,3室2厅1卫,89㎡,南,NAN,NAN,佳田未来新城(新房),管城-世纪欢乐园-未来路与石化路交叉口向西300米路南,129万,14495元/㎡,https://zhengzhou.anjuke.com/prop/view/S2610952486411265?auction=221&hpType=27&entry=102&position=38&kwtype=filter&now_time=1686749125&spread=filtersearch_c&epauction=&stats_key=9d937ae0-de1f-499f-86bb-fd3c650895f3_38&from=from_esf_List_screen&index=38
新出好房源 110万精装修包税 随时可看,3室2厅1卫,89㎡,南,中层(共34层),2022年建造,大正水晶森林1期,中原-中原周边-须水河东路31号,108万,12135元/㎡,https://zhengzhou.anjuke.com/prop/view/S3045567761817602?auction=221&hpType=27&entry=102&position=39&kwtype=filter&now_time=1686749125&spread=filtersearch_c&epauction=&stats_key=9d937ae0-de1f-499f-86bb-fd3c650895f3_39&from=from_esf_List_screen&index=39
高楼层视野无遮挡 板楼 电梯房 房龄新 小三居 装修好,3室2厅1卫,89㎡,南,高层(共13层),2016年建造,保利海上五月花百合园,惠济-北大学城-桂香路14号,140万,15731元/㎡,https://zhengzhou.anjuke.com/prop/view/S2611052172926985?auction=221&hpType=27&entry=102&position=40&kwtype=filter&now_time=1686749125&spread=filtersearch_c&epauction=&stats_key=9d937ae0-de1f-499f-86bb-fd3c650895f3_40&from=from_esf_List_screen&index=40
万达旁，金科城精致三房！房东诚心出售！,3室2厅1卫,87.84㎡,南,低层(共34层),2018年建造,金科城(一期北院),高新区-科学大道-月桂路21号,158万,17988元/㎡,https://zhengzhou.anjuke.com/prop/view/S2981847675149323?auction=221&hpType=27&entry=102&position=41&kwtype=filter&now_time=1686749125&spread=filtersearch_c&epauction=&stats_key=9d937ae0-de1f-499f-86bb-fd3c650895f3_41&from=from_esf_List_screen&index=41
南北通透 客餐厅相连 大户型 大平层 谦祥·时光序 随时约看,3室2厅1卫,89.49㎡,南,NAN,NAN,谦祥·时光序,惠济-刘寨-兴隆铺路与粮仓路交叉口东南角,130万,14527元/㎡,https://zhengzhou.anjuke.com/prop/view/S2610996514298892?auction=221&hpType=27&entry=102&position=42&kwtype=filter&now_time=1686749125&spread=filtersearch_c&epauction=&stats_key=9d937ae0-de1f-499f-86bb-fd3c650895f3_42&from=from_esf_List_screen&index=42
（也有同户型11000价格房源）采光好，有钥匙，契税满二,3室2厅1卫,88.62㎡,南北,低层(共15层),2022年建造,绿都澜湾椿园,管城-管南片-霞飞路,112万,12639元/㎡,https://zhengzhou.anjuke.com/prop/view/S2611060516416526?auction=221&hpType=27&entry=102&position=43&kwtype=filter&now_time=1686749125&spread=filtersearch_c&epauction=&stats_key=9d937ae0-de1f-499f-86bb-fd3c650895f3_43&from=from_esf_List_screen&index=43
万科天伦紫台紫澜苑88.86平117万3室1厅1卫,3室1厅1卫,88.86㎡,南,高层(共26层),2019年建造,万科天伦紫台紫澜苑,惠济-北大学城-大河路，近文化北路,117.5万,13224元/㎡,https://zhengzhou.anjuke.com/prop/view/S2963094666863619?auction=221&hpType=27&entry=102&position=44&kwtype=filter&now_time=1686749125&spread=filtersearch_c&epauction=&stats_key=9d937ae0-de1f-499f-86bb-fd3c650895f3_44&from=from_esf_List_screen&index=44
金水西路世纪城 产权清晰 商圈成熟 次新小区 有电梯 近医院,3室2厅1卫,118㎡,南北,中层(共34层),2020年建造,金水世纪城,中原-秦岭路-金水西路126号,165万,13984元/㎡,https://zhengzhou.anjuke.com/prop/view/S3025602605031424?auction=221&hpType=27&entry=102&position=45&kwtype=filter&now_time=1686749125&spread=filtersearch_c&epauction=&stats_key=9d937ae0-de1f-499f-86bb-fd3c650895f3_45&from=from_esf_List_screen&index=45
华林都市家园 近地铁 近医院 有电梯 南向采光好 商品房,3室2厅1卫,123㎡,南,中层(共11层),2006年建造,华林都市家园,金水-南阳路-南阳路242号,141万,11464元/㎡,https://zhengzhou.anjuke.com/prop/view/S2668650360169474?auction=221&hpType=27&entry=102&position=46&kwtype=filter&now_time=1686749125&spread=filtersearch_c&epauction=&stats_key=9d937ae0-de1f-499f-86bb-fd3c650895f3_46&from=from_esf_List_screen&index=46
南北通透 双卫生间 大户型 改善置业 华润郑州润园 无中介费随时看,3室2厅1卫,100.48㎡,南,NAN,NAN,华润郑州润园,中原-桐柏路-金水西路秦岭路交会处,121万,12043元/㎡,https://zhengzhou.anjuke.com/prop/view/S2611130091826189?auction=221&hpType=27&entry=102&position=47&kwtype=filter&now_time=1686749125&spread=filtersearch_c&epauction=&stats_key=9d937ae0-de1f-499f-86bb-fd3c650895f3_47&from=from_esf_List_screen&index=47
绿都紫荆华庭润园 高楼层非视野采光好 正南向户型,3室2厅1卫,89.43㎡,南,高层(共34层),2017年建造,绿都紫荆华庭润园,管城-安徐庄-青翠路,128万,14313元/㎡,https://zhengzhou.anjuke.com/prop/view/S2936030776105999?auction=221&hpType=27&entry=102&position=48&kwtype=filter&now_time=1686749125&spread=filtersearch_c&epauction=&stats_key=9d937ae0-de1f-499f-86bb-fd3c650895f3_48&from=from_esf_List_screen&index=48
美景鸿城(三期鸿福) 近地铁 满五 有电梯 中间好楼层,2室2厅1卫,89.05㎡,南,中层(共32层),2012年建造,美景鸿城(三期鸿福),管城-航海东路-腾飞路4号,105万,11792元/㎡,https://zhengzhou.anjuke.com/prop/view/S2794566075997187?auction=221&hpType=27&entry=102&position=49&kwtype=filter&now_time=1686749125&spread=filtersearch_c&epauction=&stats_key=9d937ae0-de1f-499f-86bb-fd3c650895f3_49&from=from_esf_List_screen&index=49
滨河三房！次新高档小区！125万可售！满五！急售！,3室2厅1卫,89㎡,南,中层(共26层),2019年建造,康桥悦蓉园,经开区-滨河新区-华夏大道，近经南十二路,118万,13259元/㎡,https://zhengzhou.anjuke.com/prop/view/S2940699527371778?auction=221&hpType=27&entry=102&position=50&kwtype=filter&now_time=1686749125&spread=filtersearch_c&epauction=&stats_key=9d937ae0-de1f-499f-86bb-fd3c650895f3_50&from=from_esf_List_screen&index=50
厨卫全明 户型方正 大户型 腾威城 来电价格可议,2室2厅1卫,88㎡,南,NAN,NAN,腾威城(新房),管城-郑汴路-郑汴路与英协路交叉口向南300米路东,132万,15000元/㎡,https://zhengzhou.anjuke.com/prop/view/S2610779073469449?auction=221&hpType=27&entry=102&position=51&kwtype=filter&now_time=1686749125&spread=filtersearch_c&epauction=&stats_key=9d937ae0-de1f-499f-86bb-fd3c650895f3_51&from=from_esf_List_screen&index=51
房源采光好，南北通透，业主诚意出,3室2厅1卫,101.53㎡,南,低层(共6层),2003年建造,富田丽景花园,金水-南阳路-南阳路226号,115万,11327元/㎡,https://zhengzhou.anjuke.com/prop/view/S3017003926379522?auction=221&hpType=27&entry=102&position=52&kwtype=filter&now_time=1686749125&spread=filtersearch_c&epauction=&stats_key=9d937ae0-de1f-499f-86bb-fd3c650895f3_52&from=from_esf_List_screen&index=52
融创城开珑府2号院 精装好房 近地铁 次新房 带电梯,3室2厅2卫,119㎡,南北,中层(共33层),2020年建造,融创城开珑府2号院,惠济-北大学城-金河路，近滨河路,171万,14370元/㎡,https://zhengzhou.anjuke.com/prop/view/S2615081700862990?auction=221&hpType=27&entry=102&position=53&kwtype=filter&now_time=1686749125&spread=filtersearch_c&epauction=&stats_key=9d937ae0-de1f-499f-86bb-fd3c650895f3_53&from=from_esf_List_screen&index=53
天旺附近，花园式小区，低于市场价10万急售！！！,3室2厅1卫,113.32㎡,南,低层(共6层),2003年建造,丽江水花园,金水-南阳路-群办路9号,145万,12796元/㎡,https://zhengzhou.anjuke.com/prop/view/S2981921422367759?auction=221&hpType=27&entry=102&position=54&kwtype=filter&now_time=1686749125&spread=filtersearch_c&epauction=&stats_key=9d937ae0-de1f-499f-86bb-fd3c650895f3_54&from=from_esf_List_screen&index=54
紫兰苑新上 三居 南北通透 配置齐全 商业成熟 环境优美,3室2厅1卫,89.62㎡,南北,低层(共34层),2015年建造,万科城紫兰苑,高新区-科学大道-须水河东路133号,110万,12275元/㎡,https://zhengzhou.anjuke.com/prop/view/S3004343592791055?auction=221&hpType=27&entry=102&position=55&kwtype=filter&now_time=1686749125&spread=filtersearch_c&epauction=&stats_key=9d937ae0-de1f-499f-86bb-fd3c650895f3_55&from=from_esf_List_screen&index=55
南北通透 客餐厅相连 大户型 宏江溢彩年华 欢迎联系看房,3室2厅2卫,117.14㎡,南,NAN,NAN,宏江溢彩年华(新房),金水-农业路-建设西路与牛庄南街交叉口西南150米,127万,10842元/㎡,https://zhengzhou.anjuke.com/prop/view/S3038006974275588?auction=221&hpType=27&entry=102&position=56&kwtype=filter&now_time=1686749125&spread=filtersearch_c&epauction=&stats_key=9d937ae0-de1f-499f-86bb-fd3c650895f3_56&from=from_esf_List_screen&index=56
好房急售！正商林语溪岸3号院 南北通透 中间楼层 精装好房,3室2厅2卫,137㎡,南北,中层(共13层),2018年建造,正商林语溪岸3号院,惠济-迎宾路-香山路110号,142万,10365元/㎡,https://zhengzhou.anjuke.com/prop/view/S3014333681261574?auction=221&hpType=27&entry=102&position=57&kwtype=filter&now_time=1686749125&spread=filtersearch_c&epauction=&stats_key=9d937ae0-de1f-499f-86bb-fd3c650895f3_57&from=from_esf_List_screen&index=57
南三环，满五 精装修二手房，南北通透，看房方便，低税费,3室2厅2卫,114.38㎡,南,低层(共29层),2017年建造,绿都澜湾桂园,管城-管城周边-青翠南路39号,142.5万,12459元/㎡,https://zhengzhou.anjuke.com/prop/view/S2984051003810819?auction=221&hpType=27&entry=102&position=58&kwtype=filter&now_time=1686749125&spread=filtersearch_c&epauction=&stats_key=9d937ae0-de1f-499f-86bb-fd3c650895f3_58&from=from_esf_List_screen&index=58
刘寨 小三房 商品房 商圈成熟 临地铁 近医院 交通便利,3室2厅1卫,88.17㎡,南,低层(共34层),2011年建造,兴隆臻园,惠济-刘寨-粮仓南路22号,113万,12817元/㎡,https://zhengzhou.anjuke.com/prop/view/S2950600486052864?auction=221&hpType=27&entry=102&position=59&kwtype=filter&now_time=1686749125&spread=filtersearch_c&epauction=&stats_key=9d937ae0-de1f-499f-86bb-fd3c650895f3_59&from=from_esf_List_screen&index=59
南北通透 私密性好 大户型 装修交付 万科大都会 考虑可私聊,3室2厅1卫,95㎡,南,NAN,NAN,万科大都会,二七-大学南路-大学南路与南四环交汇处南200米东南,105万,11053元/㎡,https://zhengzhou.anjuke.com/prop/view/S2610800575912971?auction=221&hpType=27&entry=102&position=60&kwtype=filter&now_time=1686749125&spread=filtersearch_c&epauction=&stats_key=9d937ae0-de1f-499f-86bb-fd3c650895f3_60&from=from_esf_List_screen&index=60
二七区古玩城铁道陇海家园3室1厅,3室1厅2卫,124㎡,南北,低层(共32层),2010年建造,铁道陇海家园,二七-大学路-陇海路,140万,11291元/㎡,https://zhengzhou.anjuke.com/prop/view/S3051173443511308?auction=221&hpType=27&entry=102&position=61&kwtype=filter&now_time=1686749125&spread=filtersearch_c&epauction=&stats_key=9d937ae0-de1f-499f-86bb-fd3c650895f3_61&from=from_esf_List_screen&index=61
万达旁，边户三房，包税，随时看,3室2厅1卫,88.51㎡,南北,高层(共34层),2021年建造,万华城华府,高新区-科学大道-郁香路37号,110万,12428元/㎡,https://zhengzhou.anjuke.com/prop/view/S3060661832915976?auction=221&hpType=27&entry=102&position=62&kwtype=filter&now_time=1686749125&spread=filtersearch_c&epauction=&stats_key=9d937ae0-de1f-499f-86bb-fd3c650895f3_62&from=from_esf_List_screen&index=62
科学大道 升龙又一城 朝南三房 精装修 郑州大学附近 地铁口,3室2厅1卫,90.64㎡,南,中层(共32层),2015年建造,升龙又一城(2期),高新区-科学大道-科学大道89号,104万,11474元/㎡,https://zhengzhou.anjuke.com/prop/view/S2808011275475977?auction=221&hpType=27&entry=102&position=63&kwtype=filter&now_time=1686749125&spread=filtersearch_c&epauction=&stats_key=9d937ae0-de1f-499f-86bb-fd3c650895f3_63&from=from_esf_List_screen&index=63
厨卫全明 私密性好 大户型 装修交付 万科大都会 考虑可私聊,3室2厅1卫,99㎡,南,NAN,NAN,万科大都会,二七-大学南路-大学南路与南四环交汇处南200米东南,97万,9798元/㎡,https://zhengzhou.anjuke.com/prop/view/S2803272854903813?auction=221&hpType=27&entry=102&position=64&kwtype=filter&now_time=1686749125&spread=filtersearch_c&epauction=&stats_key=9d937ae0-de1f-499f-86bb-fd3c650895f3_64&from=from_esf_List_screen&index=64
华林都市家园多层二楼 一梯两户 看房有钥匙 有地下室,3室2厅1卫,107㎡,南,低层(共6层),2005年建造,华林都市家园,金水-南阳路-南阳路242号,126万,11776元/㎡,https://zhengzhou.anjuke.com/prop/view/S3045492879039491?auction=221&hpType=27&entry=102&position=65&kwtype=filter&now_time=1686749125&spread=filtersearch_c&epauction=&stats_key=9d937ae0-de1f-499f-86bb-fd3c650895f3_65&from=from_esf_List_screen&index=65
对面外国语中学，房源采光好，双气朝南，业主诚意出,3室2厅1卫,91㎡,南,高层(共33层),2020年建造,金锣湾鸿福园,管城-二里岗-玉城街39号,149万,16374元/㎡,https://zhengzhou.anjuke.com/prop/view/S3004387756121101?auction=221&hpType=27&entry=102&position=66&kwtype=filter&now_time=1686749125&spread=filtersearch_c&epauction=&stats_key=9d937ae0-de1f-499f-86bb-fd3c650895f3_66&from=from_esf_List_screen&index=66
新出房源大三室业主诚售看房方便环境优美视野良好价格优美采光好,3室2厅1卫,91㎡,南北,中层(共30层),2018年建造,幸福滨水家园(南院),经开区-滨河新区-腾达路9号,140万,15385元/㎡,https://zhengzhou.anjuke.com/prop/view/S3054982452845571?auction=221&hpType=27&entry=102&position=67&kwtype=filter&now_time=1686749125&spread=filtersearch_c&epauction=&stats_key=9d937ae0-de1f-499f-86bb-fd3c650895f3_67&from=from_esf_List_screen&index=67
正商中州城百合园 次新小区 南向采光充足 价格美丽 诚意可谈,3室2厅1卫,112.47㎡,南,低层(共28层),2018年建造,正商中州城百合园,管城-安徐庄-青山路,122万,10848元/㎡,https://zhengzhou.anjuke.com/prop/view/S2610904373832716?auction=221&hpType=27&entry=102&position=68&kwtype=filter&now_time=1686749125&spread=filtersearch_c&epauction=&stats_key=9d937ae0-de1f-499f-86bb-fd3c650895f3_68&from=from_esf_List_screen&index=68
双地铁口3.4号线，央企开发！醇熟社区！新品加推！价格可谈！,3室2厅1卫,95㎡,南,NAN,NAN,招商·时代天宸,惠济-省体育中心-三全路与江山路交叉口向东200米,161万,16948元/㎡,https://zhengzhou.anjuke.com/prop/view/S3017376459598855?auction=221&hpType=27&entry=102&position=69&kwtype=filter&now_time=1686749125&spread=filtersearch_c&epauction=&stats_key=9d937ae0-de1f-499f-86bb-fd3c650895f3_69&from=from_esf_List_screen&index=69
阳光城9号院 朝南小三房 业主诚心出售 看房方便 郑州四中,3室2厅1卫,88㎡,南,高层(共32层),2018年建造,阳光城9号院,管城-安徐庄-南台路49号,126万,14319元/㎡,https://zhengzhou.anjuke.com/prop/view/S3031305084853257?auction=221&hpType=27&entry=102&position=70&kwtype=filter&now_time=1686749125&spread=filtersearch_c&epauction=&stats_key=9d937ae0-de1f-499f-86bb-fd3c650895f3_70&from=from_esf_List_screen&index=70
万华城视野无遮挡 次新房 近地铁 双卫 满二 带电梯,3室2厅2卫,120.9㎡,南,高层(共34层),2021年建造,万华城华府,高新区-科学大道-郁香路37号,169万,13979元/㎡,https://zhengzhou.anjuke.com/prop/view/S3003008002272261?auction=221&hpType=27&entry=102&position=71&kwtype=filter&now_time=1686749125&spread=filtersearch_c&epauction=&stats_key=9d937ae0-de1f-499f-86bb-fd3c650895f3_71&from=from_esf_List_screen&index=71
房源采光好，南北通透，业主诚意出,4室2厅2卫,125.23㎡,南,中层(共34层),2019年建造,万华城郁香苑,高新区-科学大道-郁香路69号,160万,12777元/㎡,https://zhengzhou.anjuke.com/prop/view/S3069141837357066?auction=221&hpType=27&entry=102&position=72&kwtype=filter&now_time=1686749125&spread=filtersearch_c&epauction=&stats_key=9d937ae0-de1f-499f-86bb-fd3c650895f3_72&from=from_esf_List_screen&index=72
厨卫全明 户型方正 大户型 品质好房 保利·大都汇 无中介费随时看,3室2厅1卫,98㎡,南,NAN,NAN,保利·大都汇,金水-金水周边-花园路宏康路交叉口东侧,180万,18368元/㎡,https://zhengzhou.anjuke.com/prop/view/S2611193716203528?auction=221&hpType=27&entry=102&position=73&kwtype=filter&now_time=1686749125&spread=filtersearch_c&epauction=&stats_key=9d937ae0-de1f-499f-86bb-fd3c650895f3_73&from=from_esf_List_screen&index=73
南北通透三房，河景房，全款房过户快无个税，价可谈急售随时看房,3室2厅1卫,89㎡,南北,中层(共34层),2016年建造,万科城紫兰苑,高新区-科学大道-须水河东路133号,109万,12248元/㎡,https://zhengzhou.anjuke.com/prop/view/S2947926174850058?auction=221&hpType=27&entry=102&position=74&kwtype=filter&now_time=1686749125&spread=filtersearch_c&epauction=&stats_key=9d937ae0-de1f-499f-86bb-fd3c650895f3_74&from=from_esf_List_screen&index=74
文一小对面 建业贰号城邦 边户 通透三房 随时过户 随时看房,3室2厅1卫,89㎡,南北,高层(共27层),2014年建造,建业贰号城邦,金水-水上公园-农业路22号,184万,20675元/㎡,https://zhengzhou.anjuke.com/prop/view/S2907749294072846?auction=221&hpType=27&entry=102&position=75&kwtype=filter&now_time=1686749125&spread=filtersearch_c&epauction=&stats_key=9d937ae0-de1f-499f-86bb-fd3c650895f3_75&from=from_esf_List_screen&index=75
降价16万！金二环地铁口100米 130平159万,3室2厅2卫,130㎡,南北,低层(共30层),2014年建造,正商城和园1号院,二七-碧云路-祥云路5号,159万,12231元/㎡,https://zhengzhou.anjuke.com/prop/view/S2642204993678347?auction=221&hpType=27&entry=102&position=76&kwtype=filter&now_time=1686749125&spread=filtersearch_c&epauction=&stats_key=9d937ae0-de1f-499f-86bb-fd3c650895f3_76&from=from_esf_List_screen&index=76
工人路汝河路 2012年电梯小三房 户型好 采光好,3室2厅1卫,86.81㎡,东南,低层(共30层),2012年建造,中原新城观澜小区工人路186号院,中原-帝湖-工人路186号,110.5万,12729元/㎡,https://zhengzhou.anjuke.com/prop/view/S3040913855437832?auction=221&hpType=27&entry=102&position=77&kwtype=filter&now_time=1686749125&spread=filtersearch_c&epauction=&stats_key=9d937ae0-de1f-499f-86bb-fd3c650895f3_77&from=from_esf_List_screen&index=77
南北通透 双卫生间 大户型 装修交付 龙湖熙上 欢迎联系看房,3室2厅2卫,103㎡,南,NAN,NAN,龙湖熙上,管城-安徐庄-金岱路鼎瑞街交叉口地铁4号线姚庄站向西400米,128万,12428元/㎡,https://zhengzhou.anjuke.com/prop/view/S2942094031789059?auction=221&hpType=27&entry=102&position=78&kwtype=filter&now_time=1686749125&spread=filtersearch_c&epauction=&stats_key=9d937ae0-de1f-499f-86bb-fd3c650895f3_78&from=from_esf_List_screen&index=78
橡树玫瑰城 三室两厅 房源采光好，南北通透，业主诚意出售,3室2厅1卫,113㎡,南北,低层(共6层),2010年建造,橡树玫瑰城(南区),管城-安徐庄-中州大道1188号,137万,12124元/㎡,https://zhengzhou.anjuke.com/prop/view/S2611062958545929?auction=221&hpType=27&entry=102&position=79&kwtype=filter&now_time=1686749125&spread=filtersearch_c&epauction=&stats_key=9d937ae0-de1f-499f-86bb-fd3c650895f3_79&from=from_esf_List_screen&index=79
品质小区业主挥泪急售，中间楼层精装三室拎包入住家电家具全送,3室2厅1卫,87㎡,南北,高层(共27层),2019年建造,招商天地华府,二七-嵩山路-嵩山南路,108万,12414元/㎡,https://zhengzhou.anjuke.com/prop/view/S2611025099661325?auction=221&hpType=27&entry=102&position=80&kwtype=filter&now_time=1686749125&spread=filtersearch_c&epauction=&stats_key=9d937ae0-de1f-499f-86bb-fd3c650895f3_80&from=from_esf_List_screen&index=80
急售 急售 急售 看房方便 业主诚心出售 捡漏房源,3室2厅2卫,113㎡,南北,低层(共34层),2018年建造,锦艺金水湾观源苑,金水-三全路-贾鲁河北路36号,163万,14425元/㎡,https://zhengzhou.anjuke.com/prop/view/S2910547660071940?auction=221&hpType=27&entry=102&position=81&kwtype=filter&now_time=1686749125&spread=filtersearch_c&epauction=&stats_key=9d937ae0-de1f-499f-86bb-fd3c650895f3_81&from=from_esf_List_screen&index=81
厨卫全明 主卧套房 小户型 低总价 佳源·名门橙邦 来电价格可议,3室2厅1卫,88.53㎡,南,NAN,NAN,佳源·名门橙邦,二七-二七周边-大学路与长江路交会处东北角,124万,14007元/㎡,https://zhengzhou.anjuke.com/prop/view/S2610988945497089?auction=221&hpType=27&entry=102&position=82&kwtype=filter&now_time=1686749125&spread=filtersearch_c&epauction=&stats_key=9d937ae0-de1f-499f-86bb-fd3c650895f3_82&from=from_esf_List_screen&index=82
全款房 过户快快 万科城雅梅苑 送家具家电,3室2厅1卫,88.25㎡,南,中层(共34层),2016年建造,万科城雅梅苑,高新区-科学大道-创新大道,109.5万,12408元/㎡,https://zhengzhou.anjuke.com/prop/view/S3046891621278720?auction=221&hpType=27&entry=102&position=83&kwtype=filter&now_time=1686749125&spread=filtersearch_c&epauction=&stats_key=9d937ae0-de1f-499f-86bb-fd3c650895f3_83&from=from_esf_List_screen&index=83
近地铁房龄新 带电梯 出行方便 朝南 正规商品房 购物方便,2室2厅1卫,83.99㎡,南,低层(共32层),2017年建造,阳光城9号院,管城-安徐庄-南台路49号,114万,13574元/㎡,https://zhengzhou.anjuke.com/prop/view/S3014446888557571?auction=221&hpType=27&entry=102&position=84&kwtype=filter&now_time=1686749125&spread=filtersearch_c&epauction=&stats_key=9d937ae0-de1f-499f-86bb-fd3c650895f3_84&from=from_esf_List_screen&index=84
锦艺四季城香颂苑 次新房 70年产权 近地铁 小三房,3室2厅1卫,88㎡,南,低层(共32层),2019年建造,锦艺四季城香颂苑,惠济-开元路-英才街266号,108万,12273元/㎡,https://zhengzhou.anjuke.com/prop/view/S2978760406670350?auction=221&hpType=27&entry=102&position=85&kwtype=filter&now_time=1686749125&spread=filtersearch_c&epauction=&stats_key=9d937ae0-de1f-499f-86bb-fd3c650895f3_85&from=from_esf_List_screen&index=85
南北通透 主卧套房 小户型 低总价 佳源·名门橙邦 来电价格可议,3室2厅1卫,83㎡,南,NAN,NAN,佳源·名门橙邦,二七-二七周边-大学路与长江路交会处东北角,116万,13976元/㎡,https://zhengzhou.anjuke.com/prop/view/S2621790082342926?auction=221&hpType=27&entry=102&position=86&kwtype=filter&now_time=1686749125&spread=filtersearch_c&epauction=&stats_key=9d937ae0-de1f-499f-86bb-fd3c650895f3_86&from=from_esf_List_screen&index=86
必看好房！毛坯自由装！赠送17平！五星物业！次新小区！满五年,3室1厅1卫,87.66㎡,西,高层(共32层),2017年建造,城开绿城绿园(二期),中原-桐柏路-五龙口南路，近桐柏北路,109万,12435元/㎡,https://zhengzhou.anjuke.com/prop/view/S2611158142131210?auction=221&hpType=27&entry=102&position=0&kwtype=filter&now_time=1686749185&spread=filtersearch_c&epauction=&stats_key=1628c088-f2fd-43f6-9bc8-e9975456bbcc_0&from=from_esf_List_screen&index=0
高楼层视野无遮挡 交通便捷 板楼 商品房 小区新 小三房,3室2厅1卫,91.45㎡,西,高层(共32层),2017年建造,城开绿城绿园(二期),中原-桐柏路-五龙口南路，近桐柏北路,102万,11154元/㎡,https://zhengzhou.anjuke.com/prop/view/S3012894238172163?auction=221&hpType=27&entry=102&position=1&kwtype=filter&now_time=1686749185&spread=filtersearch_c&epauction=&stats_key=1628c088-f2fd-43f6-9bc8-e9975456bbcc_1&from=from_esf_List_screen&index=1
急售！没有任何F用 南北通透三房好楼层视野开阔 看房随时,3室2厅2卫,136㎡,南北,高层(共27层),2020年建造,长江一号(二期),二七-京广路-京广快速路,170万,12500元/㎡,https://zhengzhou.anjuke.com/prop/view/S2999889323664386?auction=221&hpType=27&entry=102&position=2&kwtype=filter&now_time=1686749185&spread=filtersearch_c&epauction=&stats_key=1628c088-f2fd-43f6-9bc8-e9975456bbcc_2&from=from_esf_List_screen&index=2
南北通透 双卫生间 大户型 刚需直选 美盛·教育港湾 考虑可私聊,2室2厅1卫,75㎡,东,NAN,NAN,美盛·教育港湾,金水-绿荫广场-北三环与普庆路交汇处西北角,139万,18534元/㎡,https://zhengzhou.anjuke.com/prop/view/S3042170019388424?auction=221&hpType=27&entry=102&position=3&kwtype=filter&now_time=1686749185&spread=filtersearch_c&epauction=&stats_key=1628c088-f2fd-43f6-9bc8-e9975456bbcc_3&from=from_esf_List_screen&index=3
边户南北通透三房 院内捡漏低价三房 精装修业主自住三房,3室2厅1卫,88㎡,南,低层(共27层),2018年建造,招商天地华府,二七-嵩山路-嵩山南路,103.5万,11762元/㎡,https://zhengzhou.anjuke.com/prop/view/S3056619540079630?auction=221&hpType=27&entry=102&position=4&kwtype=filter&now_time=1686749185&spread=filtersearch_c&epauction=&stats_key=1628c088-f2fd-43f6-9bc8-e9975456bbcc_4&from=from_esf_List_screen&index=4
朗悦公园道1号玺园 近地铁 精装好房 中间好楼层 双卫生间,4室2厅2卫,114㎡,南北,中层(共34层),2018年建造,朗悦公园道1号玺园,高新区-科学大道-枫杨街,196万,17193元/㎡,https://zhengzhou.anjuke.com/prop/view/S2980065950755842?auction=221&hpType=27&entry=102&position=5&kwtype=filter&now_time=1686749185&spread=filtersearch_c&epauction=&stats_key=1628c088-f2fd-43f6-9bc8-e9975456bbcc_5&from=from_esf_List_screen&index=5
次新小区 临地铁 正南朝向 板楼 满二 有电梯 居家自住,3室2厅2卫,118㎡,南,低层(共32层),2019年建造,锦艺四季城香颂苑,惠济-开元路-英才街266号,140万,11865元/㎡,https://zhengzhou.anjuke.com/prop/view/S2610855044636686?auction=221&hpType=27&entry=102&position=6&kwtype=filter&now_time=1686749185&spread=filtersearch_c&epauction=&stats_key=1628c088-f2fd-43f6-9bc8-e9975456bbcc_6&from=from_esf_List_screen&index=6
厨卫全明 双卫生间 大户型 刚需直选 美盛·教育港湾 考虑可私聊,3室2厅1卫,89㎡,南,NAN,NAN,美盛·教育港湾,金水-绿荫广场-北三环与普庆路交汇处西北角,165万,18540元/㎡,https://zhengzhou.anjuke.com/prop/view/S2610760467180549?auction=221&hpType=27&entry=102&position=7&kwtype=filter&now_time=1686749185&spread=filtersearch_c&epauction=&stats_key=1628c088-f2fd-43f6-9bc8-e9975456bbcc_7&from=from_esf_List_screen&index=7
金水西路 亚新物业 小三房 电梯双气 新小区 环境好 随时看,3室2厅1卫,90.33㎡,南,高层(共33层),2020年建造,郑地璞园,中原-五龙口-冉屯南街,135万,14946元/㎡,https://zhengzhou.anjuke.com/prop/view/S2623227011374080?auction=221&hpType=27&entry=102&position=8&kwtype=filter&now_time=1686749185&spread=filtersearch_c&epauction=&stats_key=1628c088-f2fd-43f6-9bc8-e9975456bbcc_8&from=from_esf_List_screen&index=8
金水北次新小区。出门就是地铁口，经典小三房，人车分流小区急售,3室2厅1卫,86.85㎡,南,高层(共33层),2021年建造,美景美境(一期),金水-国基路-国基路,158万,18193元/㎡,https://zhengzhou.anjuke.com/prop/view/S2943549971194881?auction=221&hpType=27&entry=102&position=9&kwtype=filter&now_time=1686749185&spread=filtersearch_c&epauction=&stats_key=1628c088-f2fd-43f6-9bc8-e9975456bbcc_9&from=from_esf_List_screen&index=9
房源采光好，南北通透，业主诚意出,3室2厅1卫,96.4㎡,南,高层(共34层),2020年建造,保利文化广场一期,高新区-科学大道-国槐街21号,162万,16805元/㎡,https://zhengzhou.anjuke.com/prop/view/S3064904583226374?auction=221&hpType=27&entry=102&position=10&kwtype=filter&now_time=1686749185&spread=filtersearch_c&epauction=&stats_key=1628c088-f2fd-43f6-9bc8-e9975456bbcc_10&from=from_esf_List_screen&index=10
威尼斯水城(三期西区) 板楼 南北通透 满五 临地铁,3室2厅2卫,126㎡,南北,低层(共16层),2007年建造,威尼斯水城(三期西区),中原-五龙口-桐柏北路100号,135万,10715元/㎡,https://zhengzhou.anjuke.com/prop/view/S3046729721880581?auction=221&hpType=27&entry=102&position=11&kwtype=filter&now_time=1686749185&spread=filtersearch_c&epauction=&stats_key=1628c088-f2fd-43f6-9bc8-e9975456bbcc_11&from=from_esf_List_screen&index=11
南北通透 玄关入户 小户型 低总价 泉舜上城 欢迎联系看房,2室1厅1卫,52.76㎡,南,NAN,NAN,泉舜上城(新房),金水-南阳路-黄河路与南阳路交汇处向东100米路北,82万,15543元/㎡,https://zhengzhou.anjuke.com/prop/view/S2610996194024456?auction=221&hpType=27&entry=102&position=12&kwtype=filter&now_time=1686749185&spread=filtersearch_c&epauction=&stats_key=1628c088-f2fd-43f6-9bc8-e9975456bbcc_12&from=from_esf_List_screen&index=12
百荣对面 出行便利 次新小区 万科物业 全新未住,3室2厅2卫,122.94㎡,南北,高层(共34层),2021年建造,万科大都会和悦苑,二七-连云路-南荆路,159万,12934元/㎡,https://zhengzhou.anjuke.com/prop/view/S3061046375343113?auction=221&hpType=27&entry=102&position=13&kwtype=filter&now_time=1686749185&spread=filtersearch_c&epauction=&stats_key=1628c088-f2fd-43f6-9bc8-e9975456bbcc_13&from=from_esf_List_screen&index=13
电梯 精装三房可拎包入住 满五 板楼 出行方便 楼龄新,3室2厅1卫,87㎡,南,中层(共34层),2019年建造,五龙新城香榭园,中原-五龙口-漳河路12号,99.5万,11437元/㎡,https://zhengzhou.anjuke.com/prop/view/S3056413748763649?auction=221&hpType=27&entry=102&position=14&kwtype=filter&now_time=1686749185&spread=filtersearch_c&epauction=&stats_key=1628c088-f2fd-43f6-9bc8-e9975456bbcc_14&from=from_esf_List_screen&index=14
金水西路世纪城 产权清晰 商圈成熟 次新小区 有电梯 近医院,3室2厅1卫,118㎡,南北,中层(共34层),2020年建造,金水世纪城,中原-秦岭路-金水西路126号,165万,13984元/㎡,https://zhengzhou.anjuke.com/prop/view/S3025602605031424?auction=221&hpType=27&entry=102&position=15&kwtype=filter&now_time=1686749185&spread=filtersearch_c&epauction=&stats_key=1628c088-f2fd-43f6-9bc8-e9975456bbcc_15&from=from_esf_List_screen&index=15
南北通透 双卫生间 大户型 刚需直选 美盛·教育港湾 来电咨询,3室2厅1卫,98㎡,南,NAN,NAN,美盛·教育港湾,金水-绿荫广场-北三环与普庆路交汇处西北角,181万,18470元/㎡,https://zhengzhou.anjuke.com/prop/view/S2611065085272071?auction=221&hpType=27&entry=102&position=16&kwtype=filter&now_time=1686749185&spread=filtersearch_c&epauction=&stats_key=1628c088-f2fd-43f6-9bc8-e9975456bbcc_16&from=from_esf_List_screen&index=16
融创城开珑府2号院 精装好房 近地铁 次新房 带电梯,3室2厅2卫,119㎡,南北,中层(共33层),2020年建造,融创城开珑府2号院,惠济-北大学城-金河路，近滨河路,171万,14370元/㎡,https://zhengzhou.anjuke.com/prop/view/S2615081700862990?auction=221&hpType=27&entry=102&position=17&kwtype=filter&now_time=1686749185&spread=filtersearch_c&epauction=&stats_key=1628c088-f2fd-43f6-9bc8-e9975456bbcc_17&from=from_esf_List_screen&index=17
升龙天汇3号院 小三房 板楼 商品住宅 医疗配套成熟,3室2厅1卫,89㎡,南,高层(共32层),2016年建造,升龙天汇3号院,中原-五龙口-桐柏北路,96万,10787元/㎡,https://zhengzhou.anjuke.com/prop/view/S2614725969927173?auction=221&hpType=27&entry=102&position=18&kwtype=filter&now_time=1686749185&spread=filtersearch_c&epauction=&stats_key=1628c088-f2fd-43f6-9bc8-e9975456bbcc_18&from=from_esf_List_screen&index=18
碧桂园天悦 朝南 双卫生间 业主急售 中间楼层采光好 次新房,3室2厅2卫,117.17㎡,南,中层(共34层),2019年建造,碧桂园天悦,经开区-远大理想城-经开第一大街,185万,15790元/㎡,https://zhengzhou.anjuke.com/prop/view/S2610834393669641?auction=221&hpType=27&entry=102&position=19&kwtype=filter&now_time=1686749185&spread=filtersearch_c&epauction=&stats_key=1628c088-f2fd-43f6-9bc8-e9975456bbcc_19&from=from_esf_List_screen&index=19
厨卫全明 客餐厅相连 小户型 大平层 谦祥·时光序 随时约看,3室2厅1卫,88㎡,南,NAN,NAN,谦祥·时光序,惠济-刘寨-兴隆铺路与粮仓路交叉口东南角,128万,14546元/㎡,https://zhengzhou.anjuke.com/prop/view/S2610819124599813?auction=221&hpType=27&entry=102&position=20&kwtype=filter&now_time=1686749185&spread=filtersearch_c&epauction=&stats_key=1628c088-f2fd-43f6-9bc8-e9975456bbcc_20&from=from_esf_List_screen&index=20
花园路黄河路 2楼双气三房 通透采光好 小区停车方便 随时看,3室1厅1卫,80㎡,南北,低层(共7层),1995年建造,新华一厂家属院,金水-黄河路-经五路,89万,11125元/㎡,https://zhengzhou.anjuke.com/prop/view/S3066401310942216?auction=221&hpType=27&entry=102&position=21&kwtype=filter&now_time=1686749185&spread=filtersearch_c&epauction=&stats_key=1628c088-f2fd-43f6-9bc8-e9975456bbcc_21&from=from_esf_List_screen&index=21
泰宏建业20号院 价格便宜 业主急卖 楼层好 可以随时看房,3室2厅1卫,89.61㎡,南,中层(共32层),2019年建造,泰宏建业国际城20号院,二七-嵩山路-思勤江路10号,95万,10602元/㎡,https://zhengzhou.anjuke.com/prop/view/S2937470634732554?auction=221&hpType=27&entry=102&position=22&kwtype=filter&now_time=1686749185&spread=filtersearch_c&epauction=&stats_key=1628c088-f2fd-43f6-9bc8-e9975456bbcc_22&from=from_esf_List_screen&index=22
双地铁 财信 通透三房 诚心急售 低于市场价28万 随时看房,3室2厅1卫,90㎡,南北,低层(共34层),2015年建造,财信圣堤亚纳,郑东新区-黄河东路-商都路21号,168万,18667元/㎡,https://zhengzhou.anjuke.com/prop/view/S3049384761057283?auction=221&hpType=27&entry=102&position=23&kwtype=filter&now_time=1686749185&spread=filtersearch_c&epauction=&stats_key=1628c088-f2fd-43f6-9bc8-e9975456bbcc_23&from=from_esf_List_screen&index=23
管南片 商业配套齐全 带电梯 临地铁 近医院 小三房 板楼,3室2厅1卫,90.16㎡,南,高层(共33层),2013年建造,美景鸿城(二期鸿图),管城-管南片-腾飞路2号,113万,12534元/㎡,https://zhengzhou.anjuke.com/prop/view/S2938898116389893?auction=221&hpType=27&entry=102&position=24&kwtype=filter&now_time=1686749185&spread=filtersearch_c&epauction=&stats_key=1628c088-f2fd-43f6-9bc8-e9975456bbcc_24&from=from_esf_List_screen&index=24
南北通透 客餐厅相连 小户型 大平层 谦祥·时光序 随时约看,3室2厅1卫,88㎡,南,NAN,NAN,谦祥·时光序,惠济-刘寨-兴隆铺路与粮仓路交叉口东南角,128万,14546元/㎡,https://zhengzhou.anjuke.com/prop/view/S2610787625954313?auction=221&hpType=27&entry=102&position=25&kwtype=filter&now_time=1686749185&spread=filtersearch_c&epauction=&stats_key=1628c088-f2fd-43f6-9bc8-e9975456bbcc_25&from=from_esf_List_screen&index=25
出行方便 近地铁 房龄新 带电梯 南向采光好 商品房,3室2厅1卫,89.47㎡,南,低层(共16层),2016年建造,正弘澜庭叙A区,惠济-英才街-豫泰路9号,151万,16878元/㎡,https://zhengzhou.anjuke.com/prop/view/S2964892887800847?auction=221&hpType=27&entry=102&position=26&kwtype=filter&now_time=1686749185&spread=filtersearch_c&epauction=&stats_key=1628c088-f2fd-43f6-9bc8-e9975456bbcc_26&from=from_esf_List_screen&index=26
新出房源大三室业主诚售看房方便环境优美视野良好价格优美采光好,3室2厅1卫,91㎡,南北,中层(共30层),2018年建造,幸福滨水家园(南院),经开区-滨河新区-腾达路9号,140万,15385元/㎡,https://zhengzhou.anjuke.com/prop/view/S3054982452845571?auction=221&hpType=27&entry=102&position=27&kwtype=filter&now_time=1686749185&spread=filtersearch_c&epauction=&stats_key=1628c088-f2fd-43f6-9bc8-e9975456bbcc_27&from=from_esf_List_screen&index=27
房源采光好，南北通透，业主诚意出,3室2厅1卫,114㎡,南,低层(共6层),2005年建造,阳光嘉苑,金水-国基路-国基路99号,145万,12720元/㎡,https://zhengzhou.anjuke.com/prop/view/S2957621077580814?auction=221&hpType=27&entry=102&position=28&kwtype=filter&now_time=1686749185&spread=filtersearch_c&epauction=&stats_key=1628c088-f2fd-43f6-9bc8-e9975456bbcc_28&from=from_esf_List_screen&index=28
热门好盘 大户型 装修交付 美盛·中环壹号 装修交付 欢迎联系看房,2室2厅1卫,77㎡,北,NAN,NAN,美盛·中环壹号,金水-国基路-国基路与文化路交汇处向西100米（郑州海洋馆对面）,162万,21039元/㎡,https://zhengzhou.anjuke.com/prop/view/S2930667621030926?auction=221&hpType=27&entry=102&position=29&kwtype=filter&now_time=1686749185&spread=filtersearch_c&epauction=&stats_key=1628c088-f2fd-43f6-9bc8-e9975456bbcc_29&from=from_esf_List_screen&index=29
捡漏！带车位，房源采光好，南北通透，业主诚意出,3室2厅2卫,126㎡,南,高层(共33层),2013年建造,豫军长基花园,金水-博颂路-博颂路38号,145万,11508元/㎡,https://zhengzhou.anjuke.com/prop/view/S3052250916527111?auction=221&hpType=27&entry=102&position=30&kwtype=filter&now_time=1686749185&spread=filtersearch_c&epauction=&stats_key=1628c088-f2fd-43f6-9bc8-e9975456bbcc_30&from=from_esf_List_screen&index=30
房源采光好，南北通透，业主诚意出,3室2厅1卫,87.85㎡,南,低层(共26层),2018年建造,招商天地华府,二七-嵩山路-嵩山南路,102万,11611元/㎡,https://zhengzhou.anjuke.com/prop/view/S2615494557346825?auction=221&hpType=27&entry=102&position=31&kwtype=filter&now_time=1686749185&spread=filtersearch_c&epauction=&stats_key=1628c088-f2fd-43f6-9bc8-e9975456bbcc_31&from=from_esf_List_screen&index=31
金水区金水路银基王朝3期3室2厅,3室2厅1卫,91.15㎡,西南,低层(共34层),2011年建造,银基王朝(三期),金水-曼哈顿-福元路,148万,16237元/㎡,https://zhengzhou.anjuke.com/prop/view/S3040793432743936?auction=221&hpType=27&entry=102&position=32&kwtype=filter&now_time=1686749185&spread=filtersearch_c&epauction=&stats_key=1628c088-f2fd-43f6-9bc8-e9975456bbcc_32&from=from_esf_List_screen&index=32
中原周边 出行方便 有电梯 刚需小三居 板楼 70年产权,3室2厅1卫,88.86㎡,南,低层(共34层),2022年建造,大正水晶森林1期,中原-中原周边-须水河东路31号,104万,11704元/㎡,https://zhengzhou.anjuke.com/prop/view/S2882250498792462?auction=221&hpType=27&entry=102&position=33&kwtype=filter&now_time=1686749185&spread=filtersearch_c&epauction=&stats_key=1628c088-f2fd-43f6-9bc8-e9975456bbcc_33&from=from_esf_List_screen&index=33
厨卫全明 客餐厅相连 大户型 大平层 谦祥·时光序 随时约看,3室2厅1卫,89.27㎡,南,NAN,NAN,谦祥·时光序,惠济-刘寨-兴隆铺路与粮仓路交叉口东南角,129万,14451元/㎡,https://zhengzhou.anjuke.com/prop/view/S2610756136049670?auction=221&hpType=27&entry=102&position=34&kwtype=filter&now_time=1686749185&spread=filtersearch_c&epauction=&stats_key=1628c088-f2fd-43f6-9bc8-e9975456bbcc_34&from=from_esf_List_screen&index=34
公园旁，双气两房，业主诚意出,2室2厅1卫,83㎡,南,高层(共32层),2011年建造,怡丰新都汇(1期),金水-农业路-生产路21号,97万,11687元/㎡,https://zhengzhou.anjuke.com/prop/view/S2800491630306305?auction=221&hpType=27&entry=102&position=35&kwtype=filter&now_time=1686749185&spread=filtersearch_c&epauction=&stats_key=1628c088-f2fd-43f6-9bc8-e9975456bbcc_35&from=from_esf_List_screen&index=35
文一小对面 建业贰号城邦 边户 通透三房 随时过户 随时看房,3室2厅1卫,89㎡,南北,高层(共27层),2014年建造,建业贰号城邦,金水-水上公园-农业路22号,184万,20675元/㎡,https://zhengzhou.anjuke.com/prop/view/S2907749294072846?auction=221&hpType=27&entry=102&position=36&kwtype=filter&now_time=1686749185&spread=filtersearch_c&epauction=&stats_key=1628c088-f2fd-43f6-9bc8-e9975456bbcc_36&from=from_esf_List_screen&index=36
永威鑫城 交通便利 周边配套成熟 满二 南北双气大两房,2室2厅1卫,88.19㎡,南,低层(共6层),2007年建造,永威鑫城,中原-淮河西路-伏牛路6-11号,110万,12474元/㎡,https://zhengzhou.anjuke.com/prop/view/S3055104485972999?auction=221&hpType=27&entry=102&position=37&kwtype=filter&now_time=1686749185&spread=filtersearch_c&epauction=&stats_key=1628c088-f2fd-43f6-9bc8-e9975456bbcc_37&from=from_esf_List_screen&index=37
南北通透 动静分离 大户型 装修交付 佳田未来新城 无中介费随时看,3室2厅1卫,89㎡,南,NAN,NAN,佳田未来新城(新房),管城-世纪欢乐园-未来路与石化路交叉口向西300米路南,129万,14495元/㎡,https://zhengzhou.anjuke.com/prop/view/S2610952486411265?auction=221&hpType=27&entry=102&position=38&kwtype=filter&now_time=1686749185&spread=filtersearch_c&epauction=&stats_key=1628c088-f2fd-43f6-9bc8-e9975456bbcc_38&from=from_esf_List_screen&index=38
不是精装都比这贵 豪华精装 产权清晰 有电梯 满二,3室2厅2卫,128.88㎡,南,低层(共34层),2021年建造,美景美境(一期),金水-国基路-国基路,235万,18235元/㎡,https://zhengzhou.anjuke.com/prop/view/S2957593987261450?auction=221&hpType=27&entry=102&position=39&kwtype=filter&now_time=1686749185&spread=filtersearch_c&epauction=&stats_key=1628c088-f2fd-43f6-9bc8-e9975456bbcc_39&from=from_esf_List_screen&index=39
（必看）上聚源路一小，盛世年华。不临街朝南两居室,2室2厅1卫,89㎡,南,中层(共17层),2007年建造,盛世年华,郑东新区-黄河南路-黄河东路89号,155万,17416元/㎡,https://zhengzhou.anjuke.com/prop/view/S3026997767003137?auction=221&hpType=27&entry=102&position=40&kwtype=filter&now_time=1686749185&spread=filtersearch_c&epauction=&stats_key=1628c088-f2fd-43f6-9bc8-e9975456bbcc_40&from=from_esf_List_screen&index=40
上73 多层精装 南北通透 超低公摊 5号线地铁口 送车位,2室2厅1卫,95㎡,南,中层(共6层),2004年建造,帝湖花园莱茵东郡,中原-帝湖-桐柏南路98号,115万,12106元/㎡,https://zhengzhou.anjuke.com/prop/view/S3061025152541704?auction=221&hpType=27&entry=102&position=41&kwtype=filter&now_time=1686749185&spread=filtersearch_c&epauction=&stats_key=1628c088-f2fd-43f6-9bc8-e9975456bbcc_41&from=from_esf_List_screen&index=41
南北通透 客餐厅相连 大户型 大平层 谦祥·时光序 随时约看,3室2厅1卫,89.49㎡,南,NAN,NAN,谦祥·时光序,惠济-刘寨-兴隆铺路与粮仓路交叉口东南角,130万,14527元/㎡,https://zhengzhou.anjuke.com/prop/view/S2610996514298892?auction=221&hpType=27&entry=102&position=42&kwtype=filter&now_time=1686749185&spread=filtersearch_c&epauction=&stats_key=1628c088-f2fd-43f6-9bc8-e9975456bbcc_42&from=from_esf_List_screen&index=42
高新区 景麟玖序 南北通透大三房 三开间朝南 厅带阳台 急售,3室2厅2卫,113.12㎡,南,高层(共34层),2022年建造,龙湖景粼玖序,高新区-科学大道-春藤路5号,192万,16974元/㎡,https://zhengzhou.anjuke.com/prop/view/S2989847085769739?auction=221&hpType=27&entry=102&position=43&kwtype=filter&now_time=1686749185&spread=filtersearch_c&epauction=&stats_key=1628c088-f2fd-43f6-9bc8-e9975456bbcc_43&from=from_esf_List_screen&index=43
精装修 满五 南北通透 双卫格局 交通便捷 临地铁,3室2厅2卫,137㎡,南北,中层(共26层),2011年建造,正商新蓝钻A区,管城-航海东路-航海东路70号,180万,13139元/㎡,https://zhengzhou.anjuke.com/prop/view/S2841716894673931?auction=221&hpType=27&entry=102&position=44&kwtype=filter&now_time=1686749185&spread=filtersearch_c&epauction=&stats_key=1628c088-f2fd-43f6-9bc8-e9975456bbcc_44&from=from_esf_List_screen&index=44
业主急售 金二环 次新小区 人车分流 环境优美,3室2厅1卫,93.08㎡,南北,低层(共32层),2019年建造,阳光城9号院,管城-安徐庄-南台路49号,126万,13537元/㎡,https://zhengzhou.anjuke.com/prop/view/S2611182666162178?auction=221&hpType=27&entry=102&position=45&kwtype=filter&now_time=1686749185&spread=filtersearch_c&epauction=&stats_key=1628c088-f2fd-43f6-9bc8-e9975456bbcc_45&from=from_esf_List_screen&index=45
惠济万达旁 万科紫台一期 朝南三房两厅 业主诚售,3室2厅1卫,88.59㎡,南,中层(共26层),2020年建造,万科天伦紫台紫澜苑,惠济-北大学城-大河路，近文化北路,116万,13095元/㎡,https://zhengzhou.anjuke.com/prop/view/S2937776795966477?auction=221&hpType=27&entry=102&position=46&kwtype=filter&now_time=1686749185&spread=filtersearch_c&epauction=&stats_key=1628c088-f2fd-43f6-9bc8-e9975456bbcc_46&from=from_esf_List_screen&index=46
南北通透 双卫生间 大户型 改善置业 华润郑州润园 无中介费随时看,3室2厅1卫,100.48㎡,南,NAN,NAN,华润郑州润园,中原-桐柏路-金水西路秦岭路交会处,121万,12043元/㎡,https://zhengzhou.anjuke.com/prop/view/S2611130091826189?auction=221&hpType=27&entry=102&position=47&kwtype=filter&now_time=1686749185&spread=filtersearch_c&epauction=&stats_key=1628c088-f2fd-43f6-9bc8-e9975456bbcc_47&from=from_esf_List_screen&index=47
南向采光好 刚需小三居 近地铁 满五 大产权,3室1厅1卫,98.25㎡,南,高层(共11层),2011年建造,中鼎花园,金水-国基路-文化北路36号,107万,10891元/㎡,https://zhengzhou.anjuke.com/prop/view/S2994110045690885?auction=221&hpType=27&entry=102&position=48&kwtype=filter&now_time=1686749185&spread=filtersearch_c&epauction=&stats_key=1628c088-f2fd-43f6-9bc8-e9975456bbcc_48&from=from_esf_List_screen&index=48
文博公寓， 旁，低总价三房，双气，三房，南向，户型好，急售,3室2厅1卫,96.2㎡,南,中层(共23层),2010年建造,宇泰文博公寓,金水-花园路-文博东路4号,198万,20583元/㎡,https://zhengzhou.anjuke.com/prop/view/S3013982556906503?auction=221&hpType=27&entry=102&position=49&kwtype=filter&now_time=1686749185&spread=filtersearch_c&epauction=&stats_key=1628c088-f2fd-43f6-9bc8-e9975456bbcc_49&from=from_esf_List_screen&index=49
森林公园旁 标准三房 直降15万 2009年社区 看房方便,3室1厅1卫,92㎡,南,低层(共24层),2009年建造,恒升府第,金水-经三路-晨旭路10号,105万,11414元/㎡,https://zhengzhou.anjuke.com/prop/view/S2611107518177290?auction=221&hpType=27&entry=102&position=50&kwtype=filter&now_time=1686749185&spread=filtersearch_c&epauction=&stats_key=1628c088-f2fd-43f6-9bc8-e9975456bbcc_50&from=from_esf_List_screen&index=50
厨卫全明 户型方正 大户型 腾威城 来电价格可议,2室2厅1卫,88㎡,南,NAN,NAN,腾威城(新房),管城-郑汴路-郑汴路与英协路交叉口向南300米路东,132万,15000元/㎡,https://zhengzhou.anjuke.com/prop/view/S2610779073469449?auction=221&hpType=27&entry=102&position=51&kwtype=filter&now_time=1686749185&spread=filtersearch_c&epauction=&stats_key=1628c088-f2fd-43f6-9bc8-e9975456bbcc_51&from=from_esf_List_screen&index=51
碧桂园天麓 交通便利 满二 临地铁 精装修之前样板间,3室2厅1卫,98.44㎡,南北,低层(共34层),2020年建造,碧桂园天麓,金水-国基路-国基路，近花园路,182万,18489元/㎡,https://zhengzhou.anjuke.com/prop/view/S2897869402774529?auction=221&hpType=27&entry=102&position=52&kwtype=filter&now_time=1686749185&spread=filtersearch_c&epauction=&stats_key=1628c088-f2fd-43f6-9bc8-e9975456bbcc_52&from=from_esf_List_screen&index=52
性价比高 天地湾晴苑 小三房 近地铁 带露台,3室2厅1卫,89.43㎡,南,低层(共14层),2016年建造,天地湾晴苑,惠济-英才街-英才街4号,106万,11853元/㎡,https://zhengzhou.anjuke.com/prop/view/S2947485824738308?auction=221&hpType=27&entry=102&position=53&kwtype=filter&now_time=1686749185&spread=filtersearch_c&epauction=&stats_key=1628c088-f2fd-43f6-9bc8-e9975456bbcc_53&from=from_esf_List_screen&index=53
急售！升龙天汇7号院 次新人车分流小区 小三室毛坯,3室1厅1卫,89.66㎡,南,低层(共34层),2018年建造,升龙天汇7号院,中原-嵩山北路-农业西路001号,104万,11600元/㎡,https://zhengzhou.anjuke.com/prop/view/S2977636891335687?auction=221&hpType=27&entry=102&position=54&kwtype=filter&now_time=1686749185&spread=filtersearch_c&epauction=&stats_key=1628c088-f2fd-43f6-9bc8-e9975456bbcc_54&from=from_esf_List_screen&index=54
多层电梯洋房， 朝凤路，标准南向三居，看房有钥匙,3室2厅1卫,113.3㎡,南,低层(共9层),2012年建造,远大理想城,经开区-远大理想城-经北二路66号,142万,12534元/㎡,https://zhengzhou.anjuke.com/prop/view/S2611098239327232?auction=221&hpType=27&entry=102&position=55&kwtype=filter&now_time=1686749185&spread=filtersearch_c&epauction=&stats_key=1628c088-f2fd-43f6-9bc8-e9975456bbcc_55&from=from_esf_List_screen&index=55
南北通透 客餐厅相连 大户型 宏江溢彩年华 欢迎联系看房,3室2厅2卫,117.14㎡,南,NAN,NAN,宏江溢彩年华(新房),金水-农业路-建设西路与牛庄南街交叉口西南150米,127万,10842元/㎡,https://zhengzhou.anjuke.com/prop/view/S3038006974275588?auction=221&hpType=27&entry=102&position=56&kwtype=filter&now_time=1686749185&spread=filtersearch_c&epauction=&stats_key=1628c088-f2fd-43f6-9bc8-e9975456bbcc_56&from=from_esf_List_screen&index=56
房源采光好，南北通透，业主诚意出,3室2厅1卫,88.89㎡,南,高层(共34层),2017年建造,升龙天汇广场9号院,中原-五龙口-嵩山北路126号,102万,11475元/㎡,https://zhengzhou.anjuke.com/prop/view/S3022870639553542?auction=221&hpType=27&entry=102&position=57&kwtype=filter&now_time=1686749185&spread=filtersearch_c&epauction=&stats_key=1628c088-f2fd-43f6-9bc8-e9975456bbcc_57&from=from_esf_List_screen&index=57
大横厅设计，网红房源，房源采光好，南北通透，业主诚意出,3室2厅2卫,130.98㎡,东,中层(共34层),2021年建造,美景美境(一期),金水-国基路-国基路,220万,16797元/㎡,https://zhengzhou.anjuke.com/prop/view/S3004137914129418?auction=221&hpType=27&entry=102&position=58&kwtype=filter&now_time=1686749185&spread=filtersearch_c&epauction=&stats_key=1628c088-f2fd-43f6-9bc8-e9975456bbcc_58&from=from_esf_List_screen&index=58
建业开发，双气，精装修，人车分流，科创中 隔壁，八号线口！,3室2厅1卫,89.53㎡,南北,低层(共30层),2018年建造,五龙新城香堤园,中原-五龙口-漳河路19号,105万,11728元/㎡,https://zhengzhou.anjuke.com/prop/view/S2964780328756235?auction=221&hpType=27&entry=102&position=59&kwtype=filter&now_time=1686749185&spread=filtersearch_c&epauction=&stats_key=1628c088-f2fd-43f6-9bc8-e9975456bbcc_59&from=from_esf_List_screen&index=59
南北通透 私密性好 大户型 装修交付 万科大都会 考虑可私聊,3室2厅1卫,95㎡,南,NAN,NAN,万科大都会,二七-大学南路-大学南路与南四环交汇处南200米东南,105万,11053元/㎡,https://zhengzhou.anjuke.com/prop/view/S2610800575912971?auction=221&hpType=27&entry=102&position=60&kwtype=filter&now_time=1686749185&spread=filtersearch_c&epauction=&stats_key=1628c088-f2fd-43f6-9bc8-e9975456bbcc_60&from=from_esf_List_screen&index=60
郑大旁 低楼层 适合老人 采光很好 看房方便,3室2厅1卫,87.62㎡,南,低层(共34层),2018年建造,朗悦公园道1号誉园,高新区-科学大道-枫杨街29号,137万,15636元/㎡,https://zhengzhou.anjuke.com/prop/view/S2610780257360911?auction=221&hpType=27&entry=102&position=61&kwtype=filter&now_time=1686749185&spread=filtersearch_c&epauction=&stats_key=1628c088-f2fd-43f6-9bc8-e9975456bbcc_61&from=from_esf_List_screen&index=61
恒大绿洲 ，婚房装修紧缺三房，位置好低于市场价，无遮挡急售,3室2厅2卫,125㎡,南,高层(共33层),2016年建造,恒大绿洲(二期),经开区-第八大街-经开第六大街73号,203万,16240元/㎡,https://zhengzhou.anjuke.com/prop/view/S3059238483715073?auction=221&hpType=27&entry=102&position=62&kwtype=filter&now_time=1686749185&spread=filtersearch_c&epauction=&stats_key=1628c088-f2fd-43f6-9bc8-e9975456bbcc_62&from=from_esf_List_screen&index=62
送车位 急售 中间楼层 看房有钥匙 价格可谈 有本产权清晰,4室2厅2卫,118.52㎡,南,中层(共34层),2022年建造,朗悦公园府悦棠苑,高新区-科学大道-合欢街51号,200万,16875元/㎡,https://zhengzhou.anjuke.com/prop/view/S3060597764135936?auction=221&hpType=27&entry=102&position=63&kwtype=filter&now_time=1686749185&spread=filtersearch_c&epauction=&stats_key=1628c088-f2fd-43f6-9bc8-e9975456bbcc_63&from=from_esf_List_screen&index=63
厨卫全明 私密性好 大户型 装修交付 万科大都会 考虑可私聊,3室2厅1卫,99㎡,南,NAN,NAN,万科大都会,二七-大学南路-大学南路与南四环交汇处南200米东南,97万,9798元/㎡,https://zhengzhou.anjuke.com/prop/view/S2803272854903813?auction=221&hpType=27&entry=102&position=64&kwtype=filter&now_time=1686749185&spread=filtersearch_c&epauction=&stats_key=1628c088-f2fd-43f6-9bc8-e9975456bbcc_64&from=from_esf_List_screen&index=64
（必看好房）！ 风和日丽！ 全天采光！ 保真,3室2厅1卫,89.81㎡,南,高层(共34层),2014年建造,风和日丽家园,中原-五龙口-煤仓北路16号,101万,11246元/㎡,https://zhengzhou.anjuke.com/prop/view/S2981643815576583?auction=221&hpType=27&entry=102&position=65&kwtype=filter&now_time=1686749185&spread=filtersearch_c&epauction=&stats_key=1628c088-f2fd-43f6-9bc8-e9975456bbcc_65&from=from_esf_List_screen&index=65
房源采光好，南北通透，业主诚意出,3室2厅1卫,89㎡,南,共5层,2010年建造,普罗旺世塞纳维斯,金水-索凌路-国基路，近索凌路,150万,16854元/㎡,https://zhengzhou.anjuke.com/prop/view/S3066395132190722?auction=221&hpType=27&entry=102&position=66&kwtype=filter&now_time=1686749185&spread=filtersearch_c&epauction=&stats_key=1628c088-f2fd-43f6-9bc8-e9975456bbcc_66&from=from_esf_List_screen&index=66
业主急售急售 邻近地铁口 采光好 价格可谈,3室2厅1卫,97㎡,南,高层(共26层),2012年建造,华林都市家园,金水-南阳路-南阳路242号,118万,12165元/㎡,https://zhengzhou.anjuke.com/prop/view/S3005739594998798?auction=221&hpType=27&entry=102&position=67&kwtype=filter&now_time=1686749185&spread=filtersearch_c&epauction=&stats_key=1628c088-f2fd-43f6-9bc8-e9975456bbcc_67&from=from_esf_List_screen&index=67
临四环大三室是120平，房源采光好，南北通透，业主诚意出售,3室2厅2卫,121.53㎡,南,高层(共18层),2020年建造,昌建君悦府,二七-华中片-南四环，近嵩山路,117万,9628元/㎡,https://zhengzhou.anjuke.com/prop/view/S3011191559461896?auction=221&hpType=27&entry=102&position=68&kwtype=filter&now_time=1686749185&spread=filtersearch_c&epauction=&stats_key=1628c088-f2fd-43f6-9bc8-e9975456bbcc_68&from=from_esf_List_screen&index=68
双地铁口3.4号线，央企开发！醇熟社区！新品加推！价格可谈！,3室2厅1卫,95㎡,南,NAN,NAN,招商·时代天宸,惠济-省体育中心-三全路与江山路交叉口向东200米,161万,16948元/㎡,https://zhengzhou.anjuke.com/prop/view/S3017376459598855?auction=221&hpType=27&entry=102&position=69&kwtype=filter&now_time=1686749185&spread=filtersearch_c&epauction=&stats_key=1628c088-f2fd-43f6-9bc8-e9975456bbcc_69&from=from_esf_List_screen&index=69
房源采光好，南北通透，业主诚意出,3室2厅1卫,98.5㎡,南,中层(共34层),1998年建造,建业香雅园,中原-五龙口-漳河路,136.5万,13858元/㎡,https://zhengzhou.anjuke.com/prop/view/S3031183796677637?auction=221&hpType=27&entry=102&position=70&kwtype=filter&now_time=1686749185&spread=filtersearch_c&epauction=&stats_key=1628c088-f2fd-43f6-9bc8-e9975456bbcc_70&from=from_esf_List_screen&index=70
金科城(一期北院) 70年产权 交通便利 停车方便 满二,3室2厅1卫,88㎡,南北,高层(共34层),2019年建造,金科城(一期北院),高新区-科学大道-月桂路21号,161万,18296元/㎡,https://zhengzhou.anjuke.com/prop/view/S2969029444328449?auction=221&hpType=27&entry=102&position=71&kwtype=filter&now_time=1686749185&spread=filtersearch_c&epauction=&stats_key=1628c088-f2fd-43f6-9bc8-e9975456bbcc_71&from=from_esf_List_screen&index=71
板楼 带电梯 双卫生间 南北通透 交通便利 商品房 动静分离,3室1厅2卫,126.62㎡,南北,低层(共21层),2011年建造,正商明钻一期,中原-五龙口-电厂路19号,140万,11057元/㎡,https://zhengzhou.anjuke.com/prop/view/S3041354913276931?auction=221&hpType=27&entry=102&position=72&kwtype=filter&now_time=1686749185&spread=filtersearch_c&epauction=&stats_key=1628c088-f2fd-43f6-9bc8-e9975456bbcc_72&from=from_esf_List_screen&index=72
厨卫全明 户型方正 大户型 品质好房 保利·大都汇 无中介费随时看,3室2厅1卫,98㎡,南,NAN,NAN,保利·大都汇,金水-金水周边-花园路宏康路交叉口东侧,180万,18368元/㎡,https://zhengzhou.anjuke.com/prop/view/S2611193716203528?auction=221&hpType=27&entry=102&position=73&kwtype=filter&now_time=1686749185&spread=filtersearch_c&epauction=&stats_key=1628c088-f2fd-43f6-9bc8-e9975456bbcc_73&from=from_esf_List_screen&index=73
万科龙堂临河光景大三房出售,3室2厅2卫,125.98㎡,东南,高层(共33层),2015年建造,万科美景龙堂,管城-管南片-中州大道，近岔河路,192万,15241元/㎡,https://zhengzhou.anjuke.com/prop/view/S2898110725708814?auction=221&hpType=27&entry=102&position=74&kwtype=filter&now_time=1686749185&spread=filtersearch_c&epauction=&stats_key=1628c088-f2fd-43f6-9bc8-e9975456bbcc_74&from=from_esf_List_screen&index=74
降价急售！普罗南北通透三房 双气地暖 送家电 拎包入住,3室2厅1卫,92㎡,南,高层(共6层),2008年建造,普罗旺世佛罗伦斯(东区),金水-国基路-国基路166号,120万,13044元/㎡,https://zhengzhou.anjuke.com/prop/view/S3059753170869259?auction=221&hpType=27&entry=102&position=75&kwtype=filter&now_time=1686749185&spread=filtersearch_c&epauction=&stats_key=1628c088-f2fd-43f6-9bc8-e9975456bbcc_75&from=from_esf_List_screen&index=75
管城区 创新街和郑八 走新房手续 现房 可贷款 可公积金,3室2厅2卫,131㎡,南北,高层(共34层),2022年建造,绿都澜湾新苑,管城-管南片-紫荆山南路，近花溪东路,143万,10917元/㎡,https://zhengzhou.anjuke.com/prop/view/S3025905746632708?auction=221&hpType=27&entry=102&position=76&kwtype=filter&now_time=1686749185&spread=filtersearch_c&epauction=&stats_key=1628c088-f2fd-43f6-9bc8-e9975456bbcc_76&from=from_esf_List_screen&index=76
和昌澜景 次新小区 地铁6号线小三房 一口价 115万,3室2厅1卫,88.75㎡,南,低层(共30层),2018年建造,和昌澜景,中原-汝河路-汝河路135号,105万,11831元/㎡,https://zhengzhou.anjuke.com/prop/view/S3043663749995527?auction=221&hpType=27&entry=102&position=77&kwtype=filter&now_time=1686749185&spread=filtersearch_c&epauction=&stats_key=1628c088-f2fd-43f6-9bc8-e9975456bbcc_77&from=from_esf_List_screen&index=77
南北通透 双卫生间 大户型 装修交付 龙湖熙上 欢迎联系看房,3室2厅2卫,103㎡,南,NAN,NAN,龙湖熙上,管城-安徐庄-金岱路鼎瑞街交叉口地铁4号线姚庄站向西400米,128万,12428元/㎡,https://zhengzhou.anjuke.com/prop/view/S2942094031789059?auction=221&hpType=27&entry=102&position=78&kwtype=filter&now_time=1686749185&spread=filtersearch_c&epauction=&stats_key=1628c088-f2fd-43f6-9bc8-e9975456bbcc_78&from=from_esf_List_screen&index=78
升龙又一城(2期) 朝南 楼龄新 交通便利 车位充足 带电梯,3室2厅1卫,91㎡,南,低层(共32层),2015年建造,升龙又一城(2期),高新区-科学大道-科学大道89号,86万,9451元/㎡,https://zhengzhou.anjuke.com/prop/view/S2701549867230211?auction=221&hpType=27&entry=102&position=79&kwtype=filter&now_time=1686749185&spread=filtersearch_c&epauction=&stats_key=1628c088-f2fd-43f6-9bc8-e9975456bbcc_79&from=from_esf_List_screen&index=79
看过来 看过来 紫荆华庭百平三房 很便宜 地铁口 人车分流,3室2厅1卫,100.3㎡,南,低层(共34层),2017年建造,绿都紫荆华庭雅园,管城-管南片-贺江路15号,131万,13061元/㎡,https://zhengzhou.anjuke.com/prop/view/S3045550983045131?auction=221&hpType=27&entry=102&position=80&kwtype=filter&now_time=1686749185&spread=filtersearch_c&epauction=&stats_key=1628c088-f2fd-43f6-9bc8-e9975456bbcc_80&from=from_esf_List_screen&index=80
管南片 融创城 次新小区 通透采光好 产权清晰,3室2厅1卫,94㎡,南,低层(共34层),2023年建造,融创城融馨园,管城-管南片-明月路,107万,11383元/㎡,https://zhengzhou.anjuke.com/prop/view/S3017080860220420?auction=221&hpType=27&entry=102&position=81&kwtype=filter&now_time=1686749185&spread=filtersearch_c&epauction=&stats_key=1628c088-f2fd-43f6-9bc8-e9975456bbcc_81&from=from_esf_List_screen&index=81
厨卫全明 主卧套房 小户型 低总价 佳源·名门橙邦 来电价格可议,3室2厅1卫,88.53㎡,南,NAN,NAN,佳源·名门橙邦,二七-二七周边-大学路与长江路交会处东北角,124万,14007元/㎡,https://zhengzhou.anjuke.com/prop/view/S2610988945497089?auction=221&hpType=27&entry=102&position=82&kwtype=filter&now_time=1686749185&spread=filtersearch_c&epauction=&stats_key=1628c088-f2fd-43f6-9bc8-e9975456bbcc_82&from=from_esf_List_screen&index=82
洋房133平196万 业主赔钱56万，单价14700急卖,3室2厅2卫,133㎡,南,中层(共6层),2018年建造,绿地澜庭(一期),经开区-滨河新区-经开第十八大街,195万,14662元/㎡,https://zhengzhou.anjuke.com/prop/view/S3041143033682948?auction=221&hpType=27&entry=102&position=83&kwtype=filter&now_time=1686749185&spread=filtersearch_c&epauction=&stats_key=1628c088-f2fd-43f6-9bc8-e9975456bbcc_83&from=from_esf_List_screen&index=83
丰乐奥体公馆 刚需小三居 次新小区 近地铁 诚信出售 单价低,3室2厅1卫,89.69㎡,南北,中层(共26层),2019年建造,丰乐奥体公馆,惠济-北大学城-三全路,130万,14495元/㎡,https://zhengzhou.anjuke.com/prop/view/S2770958517558276?auction=221&hpType=27&entry=102&position=84&kwtype=filter&now_time=1686749185&spread=filtersearch_c&epauction=&stats_key=1628c088-f2fd-43f6-9bc8-e9975456bbcc_84&from=from_esf_List_screen&index=84
锦艺金水湾观源苑 小三居 近地铁 出行方便 板楼 正规商品房,3室2厅1卫,87㎡,南,低层(共34层),2018年建造,锦艺金水湾观源苑,金水-三全路-贾鲁河北路36号,131万,15058元/㎡,https://zhengzhou.anjuke.com/prop/view/S2712509515045903?auction=221&hpType=27&entry=102&position=85&kwtype=filter&now_time=1686749185&spread=filtersearch_c&epauction=&stats_key=1628c088-f2fd-43f6-9bc8-e9975456bbcc_85&from=from_esf_List_screen&index=85
南北通透 主卧套房 小户型 低总价 佳源·名门橙邦 来电价格可议,3室2厅1卫,83㎡,南,NAN,NAN,佳源·名门橙邦,二七-二七周边-大学路与长江路交会处东北角,116万,13976元/㎡,https://zhengzhou.anjuke.com/prop/view/S2621790082342926?auction=221&hpType=27&entry=102&position=86&kwtype=filter&now_time=1686749185&spread=filtersearch_c&epauction=&stats_key=1628c088-f2fd-43f6-9bc8-e9975456bbcc_86&from=from_esf_List_screen&index=86
